RFC,AliasCliente,RazonSocial
AVH966179VU3,Rodriguez Inc,Moral
NQX396228SR8,Beatty and Sons,Moral
SQQ248665GM8,Muller Inc,Moral
AOW198194KU1,Feil-Wisoky,Moral
HCE678692PS6,Hamill-Yost,Moral
WWN937733OA5,Konopelski Group,Moral
HXJ526211YH1,Toy LLC,Moral
MIO164172DV0,Cormier-Huel,Moral
CTC550898QF6,Klein-Satterfield,Moral
FZG219355AR0,"Daniel, Heathcote and McLaughlin",Moral
JDQ968514YW6,Walsh and Sons,Moral
AAD282786GE0,Herman-Schuppe,Moral
OXK139385WS8,Luettgen Inc,Moral
MIO403599ZD1,"Stark, Gislason and Schmitt",Moral
VEU123014UC8,Yundt LLC,Moral
WLL744199TL7,Wintheiser Group,Moral
SMG420620IM0,Rowe-Stamm,Moral
SVP239927CS3,"Green, Reynolds and Parisian",Moral
YEI079256PP6,Howell Group,Moral
LHN030582QC7,Ondricka-Hodkiewicz,Moral
IXC842486NW0,Nolan-Beer,Moral
WRE571305RL8,Bahringer-Jast,Moral
PCZ980857RT4,"Quitzon, Murray and Goldner",Moral
ZNC957506UX5,Lemke-Watsica,Moral
QMX123970GV4,Schamberger Group,Moral
AYV586349VT4,Mann-Bruen,Moral
EPE900470OW0,Dicki Group,Moral
HWJ748136QR1,Bernhard LLC,Moral
DCG003607TG4,Hyatt-Connelly,Moral
LWZ806839RO9,Dach Inc,Moral
APW322997ZP5,"Zulauf, McClure and Howe",Moral
EIO210693FV2,"Streich, Mann and Kilback",Moral
JCA866433UU6,Kris LLC,Moral
FLJ697396FL4,"Greenholt, Labadie and Satterfield",Moral
MVW329070HA8,"Wilderman, Koepp and Buckridge",Moral
ZMJ244195NN2,Schaden Group,Moral
NBT933444FV3,"Streich, Sawayn and Shields",Moral
FNI560713UZ9,O'Hara and Sons,Moral
JKP394099AG3,"Schulist, Gutmann and Beer",Moral
WHE037717RU4,Wisozk LLC,Moral
BAP039629UR8,"Wilderman, Crona and Yost",Moral
KBT457112LM7,Borer-Ortiz,Moral
MDP556636DU3,"Swift, Ratke and Rogahn",Moral
ZUB816706NZ1,"Brown, Murphy and Rodriguez",Moral
QZF349892RY2,Williamson Inc,Moral
XZP238901BB8,"Ebert, Friesen and Armstrong",Moral
WCH573222HO2,Johns-Green,Moral
VLE743753FK7,Rosenbaum-Runolfsson,Moral
YKO754020SP4,"Bergstrom, Prohaska and Bins",Moral
BXT219468ZV6,"Conn, Kertzmann and Greenfelder",Moral
NNMA569580AB2,Foster Espadate,Fisica
SFJQ095845WA5,Morgan Werndley,Fisica
WAOB761783DA4,Heda Rendle,Fisica
BYVT562970MI8,Micheline Gamon,Fisica
QRHT620547EU2,Colas Priestland,Fisica
PNUI354225OD2,Alisander Hegg,Fisica
UGOP522220CW0,Amby Malcolmson,Fisica
FKDM392393UY1,Sloane Lidstone,Fisica
IPZQ697400OV6,Wendye Itzik,Fisica
JQHY832553EI1,Zared Grinyer,Fisica
BOYH966301RU9,Alex Enriques,Fisica
EKYI807067KJ3,Zuzana Conradsen,Fisica
OQWJ133221QE3,Othella Biggadike,Fisica
OCAL635108QX6,Malina Prys,Fisica
SFHY573671ZP9,Remington Stellin,Fisica
DPSU952343VL2,D'arcy Scrivner,Fisica
HLUH550978JX5,Goddart Yarranton,Fisica
TYNT274671NO3,Mariana McCloughlin,Fisica
AQNR797727DV8,Taylor Ledson,Fisica
KFUM175094EM4,Colman Gabler,Fisica
TFLO462377UN1,Shara Guilfoyle,Fisica
RNVT001628VF7,Damian Clericoates,Fisica
NLCN454554FM1,Lyssa Landes,Fisica
IXSY890325ZJ0,Jasmine Weine,Fisica
VDWA621024LZ4,Burke Pomeroy,Fisica
BDTS984650YM0,Quintina Veldstra,Fisica
LWZJ169651IC9,Graeme De Roeck,Fisica
SZRO194608QR6,Chery Garatty,Fisica
IIVF912303RJ5,Petunia Capstake,Fisica
KZXN304447XR4,Jacynth Hedditch,Fisica
UCSW025857RR0,Kit Vicarey,Fisica
ZPVR048726VW8,Linnea Handke,Fisica
GZKO134439BG3,Helga Desson,Fisica
PFSB269733OQ2,Merilyn Vell,Fisica
HPPS228827ER8,Sherman Hadrill,Fisica
IABM529168ZV9,Roberto Stichall,Fisica
IALG988505AS3,Esme Prothero,Fisica
CYKJ885879DT8,Agretha Mc Grath,Fisica
RUHE115160XH5,Lucina Markwell,Fisica
FKNN265079XJ3,Tristam Simnor,Fisica
GTTW461015SZ9,Elliott Linskill,Fisica
RZEF895741EH9,Maxine Jacquemy,Fisica
GKTC275685XG9,Nichol Delacour,Fisica
YYIV886222CI7,Yvor Dewfall,Fisica
MJAI693914ZP0,Enrichetta Vasiltsov,Fisica
JUMW741966IA2,Anabelle McIan,Fisica
BQNV154049LX8,Muhammad Lewisham,Fisica
ZVEQ607855WO6,Victoria Shorbrook,Fisica
GSMK107276KA6,Arron Campbell-Dunlop,Fisica
NITJ102243RJ0,Florencia Bourgaize,Fisica
