CURPAgente,CorreoElectronicoAgente
LOH824075NATPR65,bbowdidge0@digg.com
BFR781252CQWZQ02,dcharker1@csmonitor.com
BUZ383525MJTQM94,gsappell2@imgur.com
DXG253433WWGTR38,hdelmonte3@desdev.cn
LXY599411EJYLA07,rspincks4@alexa.com
XUS864344JANHF31,khurn5@discovery.com
FJA318424ILUIT82,dfolbige6@prweb.com
YCY453383ZFARN52,tedlestone7@microsoft.com
CSL452181XIYWF11,mladd8@goodreads.com
DRT834312VOHXU67,kenden9@soundcloud.com
PNO292698JVWEW14,msweetlanda@barnesandnoble.com
LOH824075NATPR65,lallsupb@paginegialle.it
CJB569360RZPWG00,ffaunchc@europa.eu
IGU003788CGJUB79,mcornessd@mit.edu
UFS284225XDKUR13,chaycoxe@ustream.tv
ZBE452918KZRHG23,lpenhallf@webmd.com
LGD784683IXAYG98,utockg@msn.com
OHM227005QOPEZ13,spatulloh@rakuten.co.jp
ZBE452918KZRHG23,dserotskyi@4shared.com
OBU992073HWNTG25,rmanktelowj@multiply.com
ZEF860439JJHOE64,dverryk@goodreads.com
RZM680317IUQOI91,btroctorl@google.pl
ZBE452918KZRHG23,lloftym@google.cn
BUZ383525MJTQM94,cbreakspearn@blogtalkradio.com
RZM680317IUQOI91,ahydeso@abc.net.au
OPP925651CLUSR18,kiscowitzp@edublogs.org
JFQ888764OWFKM52,skarchewskiq@upenn.edu
WLY504922LLLCQ76,ptownsr@booking.com
AZS735697MIAUJ08,bdallaways@studiopress.com
OPP925651CLUSR18,mplascottt@bizjournals.com
PNO292698JVWEW14,dwillarsu@livejournal.com
CGU302283XPUFK97,bmarklv@icq.com
TMY191674DLVHD02,rrabierw@cdc.gov
XOU764871JGIMD53,tblakeleyx@php.net
OHM227005QOPEZ13,mmarushaky@hhs.gov
MPS691833FWCEB71,salecockz@merriam-webster.com
XUS864344JANHF31,rborborough10@yellowpages.com
QYW626492VHTTJ44,agolly11@answers.com
VQJ097493AQEYL88,amenilove12@washingtonpost.com
AZS735697MIAUJ08,wbrecknell13@reuters.com
PSA367043ZURLI77,ashutle14@uol.com.br
WZR512185RBWIU34,ssaxelby15@usgs.gov
WLY504922LLLCQ76,ygooderson16@cdc.gov
ORA414287QQAJD79,gortell17@tumblr.com
MOZ572863ZCZLT42,greims18@harvard.edu
LGD784683IXAYG98,elinde19@sitemeter.com
GSD335987XRSIK75,oreeveley1a@vimeo.com
RTC443654YSZGC43,agregoraci1b@google.co.jp
AZS735697MIAUJ08,sharnetty1c@t-online.de
ZEF860439JJHOE64,fwallege1d@skyrock.com
MOZ572863ZCZLT42,hweddeburnscrimgeour1e@tmall.com
NKS351612VMEXV31,slafond1f@deliciousdays.com
JFQ888764OWFKM52,jvirgoe1g@google.com.au
CJB569360RZPWG00,ejouannisson1h@ezinearticles.com
LGD784683IXAYG98,bvarden1i@blinklist.com
IVE308369MNFVN55,leyes1j@altervista.org
QYW626492VHTTJ44,rchagg1k@nbcnews.com
XUS864344JANHF31,bsommerville1l@dropbox.com
IZJ075876GCBEV92,csangwin1m@istockphoto.com
CTA377842UXQXZ34,jpescott1n@g.co
OLL278741LFBNK78,ggonning1o@mediafire.com
JFQ888764OWFKM52,akilbane1p@bigcartel.com
LVY046256QXJDN01,rjachimak1q@sphinn.com
QXQ636579ZIIRM52,dcridlan1r@hud.gov
OHM227005QOPEZ13,hvaud1s@meetup.com
SFC502226PVOYW22,fferrick1t@indiatimes.com
PNO292698JVWEW14,iskoughman1u@tinypic.com
HGL199031TFSWT52,shennemann1v@abc.net.au
AKX785454WLDTQ22,rbenedict1w@mediafire.com
SFC502226PVOYW22,mdennis1x@columbia.edu
DRV108706GCNNQ13,vyork1y@google.com.au
AZS735697MIAUJ08,breboulet1z@shop-pro.jp
JFQ888764OWFKM52,jbetun20@friendfeed.com
AWT902812HIFRE96,nortell21@geocities.jp
HYU976378BOEJZ74,ocoverley22@webeden.co.uk
HYU976378BOEJZ74,pgergher23@addthis.com
OIP403792IPQPE66,ocadge24@whitehouse.gov
XOB400838YACET66,amohammed25@jimdo.com
VTA219151PMMEG22,ygiffon26@umich.edu
YVH704698EHIZX06,glauks27@1688.com
PSA367043ZURLI77,aalliot28@hugedomains.com
NKS351612VMEXV31,wvaggs29@google.cn
PNO292698JVWEW14,gdesavery2a@examiner.com
OHM227005QOPEZ13,cmooreed2b@reference.com
BUZ383525MJTQM94,csewell2c@washington.edu
ORA414287QQAJD79,akunrad2d@who.int
WZR512185RBWIU34,cdarthe2e@indiegogo.com
PNO292698JVWEW14,kkorous2f@si.edu
QTN612376PKLIN27,ooveril2g@accuweather.com
OEI903702NITNJ23,atolcher2h@github.com
RVA407320RBXQL75,bfanton2i@princeton.edu
RFX276754JBFRD28,bcamilletti2j@webmd.com
YDE357105ULASF58,sglison2k@netscape.com
JFQ888764OWFKM52,lrachuig2l@deviantart.com
LGD784683IXAYG98,njirak2m@newsvine.com
ZEF860439JJHOE64,bgadaud2n@usda.gov
DIT592580KPFDT66,abellinger2o@storify.com
XOU764871JGIMD53,tloseke2p@netvibes.com
LOH824075NATPR65,wtorrejon2q@utexas.edu
OPP925651CLUSR18,kizaks2r@chronoengine.com
CSU438640YZZNK79,tjelkes2s@cbsnews.com
OBD495035EXSXD46,pniblett2t@shop-pro.jp
HGL199031TFSWT52,gseak2u@canalblog.com
QTN612376PKLIN27,darniz2v@springer.com
CGU302283XPUFK97,cmeir2w@barnesandnoble.com
YDE357105ULASF58,rdymock2x@facebook.com
AWT902812HIFRE96,pwalkden2y@live.com
EVT388989FKEGI97,mfilyashin2z@oaic.gov.au
QTN612376PKLIN27,twoodus30@vimeo.com
BFR781252CQWZQ02,zbaumann31@homestead.com
FJA318424ILUIT82,singlesant32@wired.com
MPS691833FWCEB71,kmarchent33@com.com
CSL452181XIYWF11,nlakes34@a8.net
KEJ515126ZJPTH20,gprecious35@bigcartel.com
CTC040122ALHKF52,emayers36@foxnews.com
QTS105478OXHCL20,frennie37@comcast.net
NKS351612VMEXV31,lcaldecot38@statcounter.com
IML125538AGBXV99,steideman39@japanpost.jp
PSA367043ZURLI77,arubinlicht3a@wisc.edu
AKX785454WLDTQ22,eworthing3b@mlb.com
YDE357105ULASF58,croderigo3c@pcworld.com
YVH704698EHIZX06,cwasteney3d@jimdo.com
CGU302283XPUFK97,ddurak3e@bandcamp.com
AVZ590726EALHT78,kchrister3f@quantcast.com
VTA219151PMMEG22,lbellhouse3g@dmoz.org
NLP603731YFBNS52,tmacnamara3h@macromedia.com
UUG515651SUHOH93,lcoonan3i@nytimes.com
PAD083239MDAAK08,ksemmence3j@bigcartel.com
XUL371177HGQIX32,nbenettolo3k@fastcompany.com
WLY504922LLLCQ76,cszantho3l@reddit.com
DRE494254SQQFR92,glasselle3m@istockphoto.com
EOR696891DKKHD67,bkleimt3n@nationalgeographic.com
XOB400838YACET66,krawson3o@joomla.org
TMY191674DLVHD02,hpoizer3p@angelfire.com
BFR781252CQWZQ02,bburbidge3q@ihg.com
OBU992073HWNTG25,vsleany3r@washington.edu
IVE308369MNFVN55,cparadyce3s@indiatimes.com
DIT592580KPFDT66,phallowes3t@rediff.com
BUZ383525MJTQM94,ckingswell3u@myspace.com
FJA318424ILUIT82,ckuhlen3v@weibo.com
DRT834312VOHXU67,bnorcross3w@godaddy.com
LOQ010207SFNTW02,ifrango3x@mac.com
DCG842926ACADM12,bworks3y@opensource.org
SFC502226PVOYW22,aheed3z@sogou.com
LVY046256QXJDN01,ycarress40@google.com.br
EOR696891DKKHD67,rcobain41@domainmarket.com
PAD083239MDAAK08,rorritt42@liveinternet.ru
EOR696891DKKHD67,tkubal43@wix.com
QTN612376PKLIN27,bkindon44@hatena.ne.jp
DIT592580KPFDT66,kpilfold45@t-online.de
