RFCCliente,CorreoCliente
AVH966179VU3,tstuchbury0@boston.com
NQX396228SR8,fcabotto1@vk.com
SQQ248665GM8,mguilloton2@auda.org.au
AOW198194KU1,tzimmermanns3@1und1.de
HCE678692PS6,bnelles4@usgs.gov
WWN937733OA5,mgofton5@amazon.com
HXJ526211YH1,sfattori6@sitemeter.com
MIO164172DV0,rnoor7@ow.ly
CTC550898QF6,iblatcher8@exblog.jp
FZG219355AR0,ksidden9@prlog.org
JDQ968514YW6,acindereya@mtv.com
AAD282786GE0,cmaxwaleb@mysql.com
OXK139385WS8,hduferiec@imgur.com
MIO403599ZD1,lrackd@vinaora.com
VEU123014UC8,oquartleye@java.com
WLL744199TL7,rpohlkef@cdc.gov
SMG420620IM0,vgrovesg@storify.com
SVP239927CS3,gcullinanh@barnesandnoble.com
YEI079256PP6,fceriei@hibu.com
LHN030582QC7,jclemendotj@cnbc.com
IXC842486NW0,umcilvennak@phpbb.com
WRE571305RL8,bbussonsl@amazon.co.uk
PCZ980857RT4,mmillism@loc.gov
ZNC957506UX5,mvennyn@myspace.com
QMX123970GV4,troysteo@cornell.edu
AYV586349VT4,jwhatesp@themeforest.net
EPE900470OW0,qlavrickq@ca.gov
HWJ748136QR1,latcockr@telegraph.co.uk
DCG003607TG4,rbarkes@squarespace.com
LWZ806839RO9,mrollasont@unicef.org
APW322997ZP5,cboxeu@chronoengine.com
EIO210693FV2,ttothacotv@friendfeed.com
JCA866433UU6,cfaldow@state.tx.us
FLJ697396FL4,tscarasbrickx@eventbrite.com
MVW329070HA8,lmealey@ifeng.com
ZMJ244195NN2,emacloughlinz@sina.com.cn
NBT933444FV3,dcourse10@vkontakte.ru
FNI560713UZ9,jwestphal11@samsung.com
JKP394099AG3,kgrzesiewicz12@blinklist.com
WHE037717RU4,asanchis13@amazon.co.jp
BAP039629UR8,tjensen14@meetup.com
RZEF895741EH9,orobillart15@myspace.com
GKTC275685XG9,nwhyler16@sina.com.cn
YYIV886222CI7,cwinskill17@yandex.ru
MJAI693914ZP0,ewarmington18@artisteer.com
JUMW741966IA2,kbernade19@delicious.com
BQNV154049LX8,mvinau1a@etsy.com
ZVEQ607855WO6,tabells1b@mozilla.org
GSMK107276KA6,hgolborne1c@themeforest.net
NITJ102243RJ0,dmorillas1d@bluehost.com
NNMA569580AB2,mlaurenceau1e@bizjournals.com
