CURPEntrenador,CorreoElectronicoEntrenador
RHH127823KFNNS45,leyton0@hc360.com
ZQT637913WDFHB36,flotte1@ifeng.com
HWB924504ZWTGN01,bgrocott2@1und1.de
RHH127823KFNNS45,ahussy3@army.mil
CAT677486DUZAV68,mdemars4@blog.com
PVE448692VZUEB83,jlessmare5@skype.com
QEN814644OYPHL55,acobbold6@dyndns.org
TCH244832HAXDF25,mhoff7@creativecommons.org
HEA594437TYEIU56,rrudiger8@unicef.org
AGF262218JSYAS52,mrosewell9@netvibes.com
GWV175274ENWLD85,tdavidovitza@seesaa.net
TCH244832HAXDF25,acuncarrb@statcounter.com
CPI302573GVVDN91,jcasperric@zdnet.com
WBV909927JHAJU50,jnorsisterd@cloudflare.com
NJS917038YLRDL30,ljacobsene@merriam-webster.com
BQA218318FCEUN89,gbahikef@google.pl
WIH406037RDOQA98,cleserg@dmoz.org
JGY037041RBHBK19,fmaineh@epa.gov
WSS911198MSYKR95,csidaryi@geocities.com
ZUE040057TRDHY06,rlenoirj@bravesites.com
BAW272063KOCRC34,tvistek@si.edu
WIH406037RDOQA98,smatussovl@360.cn
TCH244832HAXDF25,kgillionsm@typepad.com
YCJ704875KAGQT54,vpinckardn@nytimes.com
JGY037041RBHBK19,awadeo@amazon.de
EAW400648SMAPI82,bbillingsp@cbsnews.com
EJW320090LUIRX20,hgellyq@wikia.com
WOO150950WQAXD49,efurmstonr@kickstarter.com
LQG261342SCJPV30,jmccaughrans@amazon.com
RRG962204QHTBP55,rcornesst@salon.com
ZUE040057TRDHY06,rduddanu@ucoz.com
TAQ428086GZPKS54,horryv@networkadvertising.org
EAW400648SMAPI82,rbartolommeow@a8.net
HEC989232PDZSP98,kcauldwellx@mashable.com
REU470442TSFUU39,pgreenhoughy@wix.com
NJS917038YLRDL30,agambrellz@harvard.edu
KQJ109191WTWRZ35,nvischi10@qq.com
NJY045686YYWTR53,hvalde11@symantec.com
REU470442TSFUU39,fstaintonskinn12@apple.com
QQN334567YKQZO53,pcolchett13@nps.gov
KQJ109191WTWRZ35,swiper14@usgs.gov
EAW400648SMAPI82,ngennings15@wunderground.com
HEA594437TYEIU56,dhaddock16@earthlink.net
KQJ109191WTWRZ35,pspurge17@altervista.org
TCH244832HAXDF25,glorant18@webs.com
TIL958384FGLTJ20,hmannion19@ning.com
ORQ365372JLRYR52,mbolles1a@hibu.com
TCH244832HAXDF25,wmoan1b@studiopress.com
CAT677486DUZAV68,psolman1c@cocolog-nifty.com
QEN814644OYPHL55,lskillitt1d@engadget.com
UCS239022YMPHQ82,estairmond1e@rediff.com
VKC396851PZUSS78,ejackes1f@skyrock.com
WSS911198MSYKR95,wwildber1g@blogs.com
QEN814644OYPHL55,splaistowe1h@dmoz.org
VKC396851PZUSS78,mfollan1i@squarespace.com
WBV909927JHAJU50,mcurrm1j@hubpages.com
BAW272063KOCRC34,lbraemer1k@last.fm
TIL958384FGLTJ20,srivers1l@netscape.com
FHY232712HQQFR54,kwaistell1m@macromedia.com
EJW320090LUIRX20,twoodruff1n@jugem.jp
VKC396851PZUSS78,efarryann1o@state.tx.us
TCH244832HAXDF25,acaney1p@delicious.com
GWV175274ENWLD85,cserraillier1q@webs.com
ZUE040057TRDHY06,rcotterill1r@alexa.com
WIH406037RDOQA98,pbockh1s@xinhuanet.com
QEN814644OYPHL55,hcecely1t@smugmug.com
ZUE040057TRDHY06,khartburn1u@nba.com
BQA218318FCEUN89,nedgson1v@cornell.edu
QEN814644OYPHL55,lladon1w@xing.com
MPD878895GZTZE00,mhance1x@zimbio.com
WIN256809IKFEZ67,cpittaway1y@chronoengine.com
RYW270591TFCGR63,csallings1z@quantcast.com
WWY573679SBXKZ31,ltadgell20@geocities.com
TIL958384FGLTJ20,jmcmenamin21@seesaa.net
CAT677486DUZAV68,bstanman22@eventbrite.com
TCH244832HAXDF25,cgurge23@typepad.com
WIH406037RDOQA98,fsansome24@vkontakte.ru
ZQT637913WDFHB36,alevey25@photobucket.com
EJW320090LUIRX20,mhindhaugh26@webnode.com
TAQ428086GZPKS54,thernik27@sohu.com
FIR195136JFNOM04,egabby28@sciencedaily.com
ITA335533NYRPO76,cslay29@cloudflare.com
YCJ704875KAGQT54,cketcher2a@latimes.com
WBV909927JHAJU50,atheurer2b@house.gov
EJW320090LUIRX20,scrann2c@examiner.com
VFJ352385HEKFT60,lubsdale2d@arizona.edu
BQA218318FCEUN89,mbailles2e@time.com
UCS239022YMPHQ82,ranstead2f@wordpress.com
RYW270591TFCGR63,lodonohue2g@macromedia.com
NJS917038YLRDL30,dhyman2h@deliciousdays.com
HEC989232PDZSP98,dmaingot2i@mail.ru
RYW270591TFCGR63,sdecourtney2j@miibeian.gov.cn
AGF262218JSYAS52,jbalf2k@free.fr
CPI302573GVVDN91,coleszkiewicz2l@washingtonpost.com
WWY573679SBXKZ31,bbigglestone2m@friendfeed.com
ZQT637913WDFHB36,sbelli2n@ovh.net
WWY573679SBXKZ31,dkiernan2o@studiopress.com
PRE118948AFDLX14,bfarragher2p@google.ru
ZQT637913WDFHB36,otroy2q@geocities.jp
BAW272063KOCRC34,ivaggs2r@storify.com
