RFCCliente,PersContCliente
AVH966179VU3,Bernardine Cowern
NQX396228SR8,Sybil Joyner
SQQ248665GM8,Shamus Delacote
AOW198194KU1,Richy Radsdale
HCE678692PS6,Darrel Simmings
WWN937733OA5,Lark Yitzhakof
HXJ526211YH1,Carlene Antunes
MIO164172DV0,Thea Memory
CTC550898QF6,Raquela Linsay
FZG219355AR0,Yvor Lukasik
JDQ968514YW6,Thorpe Bloggett
AAD282786GE0,Hort Leates
OXK139385WS8,Pier Kisting
MIO403599ZD1,Portia Bergeau
VEU123014UC8,Wilton Slinger
WLL744199TL7,Theo Epsly
SMG420620IM0,Issie Amps
SVP239927CS3,Vita Penchen
YEI079256PP6,Karly Whickman
LHN030582QC7,Devon Maskelyne
IXC842486NW0,Brew Ilyenko
WRE571305RL8,Jakob Hastin
PCZ980857RT4,Bathsheba Danbury
ZNC957506UX5,Abby Alexandersson
QMX123970GV4,Sarette Morshead
AYV586349VT4,Kipp Petrolli
EPE900470OW0,Ilyssa Axon
HWJ748136QR1,Orazio Tyne
DCG003607TG4,Halsey Mulvihill
LWZ806839RO9,Letty Pilbury
APW322997ZP5,Arne Edmeades
EIO210693FV2,Worthy Pickrell
JCA866433UU6,Janelle Ebbs
FLJ697396FL4,Anabal Jerrand
MVW329070HA8,Dore Leverton
ZMJ244195NN2,Lucine Cohen
NBT933444FV3,Remy Strang
FNI560713UZ9,Baird Village
JKP394099AG3,Raddy Towson
WHE037717RU4,Paolina Le Fleming
BAP039629UR8,Giustino Dennidge
RZEF895741EH9,Mario Armstrong
GKTC275685XG9,Erma Mansel
YYIV886222CI7,Darbee Fretson
MJAI693914ZP0,Ebonee Wolvey
JUMW741966IA2,Rochette Knapp
BQNV154049LX8,Inigo Duncombe
ZVEQ607855WO6,Bradley Dalgety
GSMK107276KA6,Gardie Lamp
NITJ102243RJ0,Murdoch Mc Carroll
NNMA569580AB2,Debee Burnard
AVH966179VU3,Gertie Lorraine
NQX396228SR8,Early Noad
SQQ248665GM8,Early Overshott
AOW198194KU1,Rasia Petigrew
HCE678692PS6,Sonnie Tebbe
WWN937733OA5,Biddy Gaw
HXJ526211YH1,Codie Lebrun
MIO164172DV0,Charmaine Silvermann
CTC550898QF6,Daune Flipek
